iter	Logloss
0	0.472082007
1	0.3190144238
2	0.1640951933
3	0.08725219727
4	0.04674383124
5	0.02828879581
6	0.01830977271
7	0.0123717337
8	0.008840445436
9	0.006670337497
10	0.005292428573
11	0.004393068798
12	0.003781232799
13	0.003346496402
14	0.003099936822
15	0.002879995704
16	0.002698781344
17	0.002522345657
18	0.002411209157
19	0.002321003251
